{"cameraMode":{"drawMode":0,"name":"Shaded","section":"Shading Mode"},"sceneLighting":true,"audioPlay":false,"sceneViewState":{"m_AlwaysRefresh":false,"showFog":true,"showSkybox":true,"showFlares":true,"showImageEffects":true,"showParticleSystems":true,"showVisualEffectGraphs":true,"m_FxEnabled":true},"in2DMode":false,"pivot":{"x":55.059425354003909,"y":-24.66707992553711,"z":55.70508575439453},"rotation":{"x":0.39882951974868777,"y":-0.024754608049988748,"z":0.010771356523036957,"w":0.9166296124458313},"size":50.40219497680664,"orthographic":false}